ID,CategoryID,BookList
1,1,Fallen Kitten of the Sword
2,3,A Game of Hens
3,27,Boring at The Misty Teacher of Wood
4,10,Enchanted by the Cracked Bridge of the Wind
5,9,Crafting With the Shadowy Opponents of My Imagination
6,8,Loved By the Deep Teacher of My Dreams
7,10,Chasing the Grey Angels in the Mountain
8,4,Crazy at the Fallen Sons of Tomorrow
9,20,Amazing World of the Black Knights of the Caves
10,10,Elemental Angels of Hope
11,31,Final Moon Without Shame
12,27,Chasing the Missing Warblers of Perfection
13,35,Growing up with the Hot Coat
100,28,Crazy at the Loony Bakers of Sarasota
101,29,Bewitched by the Final Army of Tomorrow
102,13,Grey Train
103,30,Afraid of the Ragged Dreamer with a Crush
104,3,Learning With the All Scientist per Continent
105,32,Growing Up With the Emerald Wizards with Red Hair
106,33,Amazing World of the Hidden Sword With Vigor
107,34,Next Truth of Yesterday
